{
    "camera_matrix": [
        [
            136.13001897786714,
            0.0,
            148.99286023856544
        ],
        [
            0.0,
            135.5058342597014,
            108.50859239790995
        ],
        [
            0.0,
            0.0,
            1.0
        ]
    ],
    "dist_coeffs": [
        [
            -1.3535303569884714,
            2.4710972338507484,
            -0.021401242090011673,
            -0.010352103467993073,
            -1.358129699319432
        ]
    ],
    "image_size": [
        324,
        324
    ],
    "reprojection_error": 0.840031399151446
}