{
    "camera_matrix": [
        [
            169.08671601728759,
            0.0,
            158.1191378473797
        ],
        [
            0.0,
            168.67364870381806,
            147.72801436825046
        ],
        [
            0.0,
            0.0,
            1.0
        ]
    ],
    "dist_coeffs": [
        [
            -0.08226568761364784,
            0.0108429908887505,
            -0.0018946839961374031,
            0.0006451337761967007,
            -0.00461860326593641
        ]
    ],
    "image_size": [
        300,
        300
    ],
    "reprojection_error": 0.1287391108968769
}