{
  "mean_errors": [
    36.11666666666665,
    26.250000000000032,
    12.333333333333352,
    7.66666666666669,
    28.09166666666664,
    16.650000000000034,
    7.183333333333356,
    -6.2749999999999915,
    7.391666666666647,
    5.849999999999994,
    -5.033333333333346,
    -17.15000000000003,
    -8.775000000000006,
    -6.583333333333305,
    -17.674999999999983,
    -44.55833333333334
  ],
  "mean_abs_errors": [
    36.11666666666665,
    26.250000000000032,
    14.449999999999989,
    14.43333333333337,
    28.09166666666664,
    16.650000000000034,
    8.583333333333314,
    11.008333333333303,
    17.858333333333345,
    6.74999999999999,
    5.700000000000013,
    18.15000000000003,
    20.541666666666675,
    8.899999999999986,
    17.674999999999983,
    44.55833333333334
  ],
  "rmse": [
    38.437286584773375,
    28.532233234244657,
    17.370233159056916,
    19.114436080268444,
    30.362682687799484,
    18.019850165858795,
    11.045587354233355,
    13.663851336037467,
    19.619399413165876,
    7.985090272919063,
    6.737086412785085,
    21.76331010362779,
    26.6515946990044,
    12.237170152177034,
    20.15711206166861,
    58.83110713446306
  ],
  "weights": [
    0.026560039632225464,
    0.03578043985076423,
    0.05877272030233332,
    0.053409676893264986,
    0.0336233746386417,
    0.05665395914212506,
    0.09242567391845684,
    0.07471508800373368,
    0.05203502072337418,
    0.12785025843714812,
    0.1515337332020738,
    0.04690903406621854,
    0.03830524464203079,
    0.08342581187853154,
    0.05064693056828055,
    0.01735299410079727
  ],
  "weights_grid": [
    [
      0.026560039632225464,
      0.03578043985076423,
      0.05877272030233332,
      0.053409676893264986
    ],
    [
      0.0336233746386417,
      0.05665395914212506,
      0.09242567391845684,
      0.07471508800373368
    ],
    [
      0.05203502072337418,
      0.12785025843714812,
      0.1515337332020738,
      0.04690903406621854
    ],
    [
      0.03830524464203079,
      0.08342581187853154,
      0.05064693056828055,
      0.01735299410079727
    ]
  ]
}